<?xml version="1.0" encoding="UTF-8" standalone="yes" ?>
<FileZilla3>
    <Servers>
        <Server>
            <Host>94.136.44.243</Host>
            <Port>21</Port>
            <Protocol>0</Protocol>
            <Type>0</Type>
            <User>battersea</User>
            <Pass>dangermouse123</Pass>
            <Logontype>1</Logontype>
            <TimezoneOffset>0</TimezoneOffset>
            <PasvMode>MODE_DEFAULT</PasvMode>
            <MaximumMultipleConnections>0</MaximumMultipleConnections>
            <EncodingType>Auto</EncodingType>
            <BypassProxy>0</BypassProxy>
            <Name>94.136.44.243 - live</Name>
            <Comments></Comments>
            <LocalDir></LocalDir>
            <RemoteDir></RemoteDir>
            <SyncBrowsing>0</SyncBrowsing>94.136.44.243 - live
        </Server>
    </Servers>
</FileZilla3>
