<?xml version="1.0" encoding="UTF-8" standalone="yes" ?>
<FileZilla3>
    <Servers>
        <Server>
            <Host>ftp.gridhost.co.uk</Host>
            <Port>21</Port>
            <Protocol>0</Protocol>
            <Type>0</Type>
            <User>batter@riverdev.co.uk</User>
            <Pass>batter2012</Pass>
            <Logontype>1</Logontype>
            <TimezoneOffset>0</TimezoneOffset>
            <PasvMode>MODE_DEFAULT</PasvMode>
            <MaximumMultipleConnections>0</MaximumMultipleConnections>
            <EncodingType>Auto</EncodingType>
            <BypassProxy>0</BypassProxy>
            <Name>BatterSea</Name>
            <Comments></Comments>
            <LocalDir></LocalDir>
            <RemoteDir></RemoteDir>
            <SyncBrowsing>0</SyncBrowsing>BatterSea
        </Server>
    </Servers>
</FileZilla3>
