<?xml version="1.0" encoding="UTF-8" standalone="yes" ?>
<FileZilla3>
    <Servers>
        <Server>
            <Host>27.111.90.194</Host>
            <Port>21</Port>
            <Protocol>0</Protocol>
            <Type>0</Type>
            <User>crystaly</User>
            <Pass>6f3m4FApe8</Pass>
            <Logontype>1</Logontype>
            <TimezoneOffset>0</TimezoneOffset>
            <PasvMode>MODE_DEFAULT</PasvMode>
            <MaximumMultipleConnections>0</MaximumMultipleConnections>
            <EncodingType>Auto</EncodingType>
            <BypassProxy>0</BypassProxy>
            <Name>Crystalyze</Name>
            <Comments></Comments>
            <LocalDir></LocalDir>
            <RemoteDir></RemoteDir>
            <SyncBrowsing>0</SyncBrowsing>Crystalyze
        </Server>
    </Servers>
</FileZilla3>
