<?xml version="1.0" encoding="UTF-8" standalone="yes" ?>
<FileZilla3>
    <Servers>
        <Server>
            <Host>ftp12.world4you.com</Host>
            <Port>21</Port>
            <Protocol>0</Protocol>
            <Type>0</Type>
            <User>kiteboa</User>
            <Pass>delfin</Pass>
            <Logontype>1</Logontype>
            <TimezoneOffset>0</TimezoneOffset>
            <PasvMode>MODE_DEFAULT</PasvMode>
            <MaximumMultipleConnections>0</MaximumMultipleConnections>
            <EncodingType>Auto</EncodingType>
            <BypassProxy>0</BypassProxy>
            <Name>erwe</Name>
            <Comments></Comments>
            <LocalDir></LocalDir>
            <RemoteDir></RemoteDir>
            <SyncBrowsing>0</SyncBrowsing>erwe
        </Server>
    </Servers>
</FileZilla3>
